PropertyID,PropertyType,Address,City,Locality,Bedrooms,Bathrooms,SquareFeet,ListPrice,ListingStatus,ListDate,AgentID
"PROP-2001","Apartment","21, Koramangala, Bengaluru","Bengaluru","Koramangala","3","3","795","5400000","For Sale","2025-04-21","AGENT-129"
"PROP-2002","Commercial Space","110, Noida, Delhi","Delhi","Noida","1","1","3828","18300000","Sold","2023-01-12","AGENT-123"
"PROP-2003","Independent House","32, Andheri, Mumbai","Mumbai","Andheri","4","3","1219","50000000","Rented","2024-09-13","AGENT-109"
"PROP-2004","Independent House","48, Saket, Delhi","Delhi","Saket","4","3","2277","50000000","Sold","2024-08-16","AGENT-108"
"PROP-2005","Plot","188, Vasant Kunj, Delhi","Delhi","Vasant Kunj","0","0","2081","5200000","For Rent","2023-05-14","AGENT-115"
"PROP-2006","Plot","48, South Mumbai, Mumbai","Mumbai","South Mumbai","0","0","2218","7000000","For Rent","2024-12-12","AGENT-148"
"PROP-2007","Apartment","65, Juhu, Mumbai","Mumbai","Juhu","4","4","2088","6800000","For Rent","2025-02-27","AGENT-130"
"PROP-2008","Apartment","121, South Mumbai, Mumbai","Mumbai","South Mumbai","5","3","1441","7800000","For Rent","2024-03-06","AGENT-146"
"PROP-2009","Plot","152, Noida, Delhi","Delhi","Noida","0","0","1894","2600000","For Sale","2025-07-09","AGENT-107"
"PROP-2010","Apartment","53, Jayanagar, Bengaluru","Bengaluru","Jayanagar","1","3","889","4200000","Sold","2023-10-24","AGENT-133"
"PROP-2011","Apartment","127, Vasant Kunj, Delhi","Delhi","Vasant Kunj","1","2","3768","7400000","For Sale","2023-12-02","AGENT-129"
"PROP-2012","Apartment","16, Koramangala, Bengaluru","Bengaluru","Koramangala","2","2","1502","6700000","Sold","2025-01-30","AGENT-126"
"PROP-2013","Villa","142, Saket, Delhi","Delhi","Saket","5","4","869","50000000","Rented","2024-06-05","AGENT-124"
"PROP-2014","Apartment","114, Koramangala, Bengaluru","Bengaluru","Koramangala","1","3","3585","6000000","For Sale","2025-09-29","AGENT-136"
"PROP-2015","Plot","4, Indiranagar, Bengaluru","Bengaluru","Indiranagar","0","0","3956","4600000","For Sale","2023-09-10","AGENT-124"
"PROP-2016","Apartment","26, Vasant Kunj, Delhi","Delhi","Vasant Kunj","4","2","2666","5100000","Rented","2023-02-23","AGENT-147"
"PROP-2017","Plot","144, Saket, Delhi","Delhi","Saket","0","0","2529","3100000","Sold","2025-07-13","AGENT-106"
"PROP-2018","Independent House","177, Koramangala, Bengaluru","Bengaluru","Koramangala","1","1","2151","10000000","For Rent","2024-12-02","AGENT-118"
"PROP-2019","Apartment","105, Noida, Delhi","Delhi","Noida","3","2","2293","7200000","Sold","2025-02-06","AGENT-111"
"PROP-2020","Apartment","183, Gurgaon, Delhi","Delhi","Gurgaon","1","2","3565","7400000","Sold","2023-05-06","AGENT-112"
"PROP-2021","Plot","46, Thane, Mumbai","Mumbai","Thane","0","0","3460","5300000","Rented","2025-02-26","AGENT-113"
"PROP-2022","Apartment","112, Vasant Kunj, Delhi","Delhi","Vasant Kunj","3","2","1466","4000000","Rented","2023-03-12","AGENT-142"
"PROP-2023","Apartment","77, Jayanagar, Bengaluru","Bengaluru","Jayanagar","3","2","1673","7300000","Sold","2025-07-10","AGENT-125"
"PROP-2024","Villa","146, Thane, Mumbai","Mumbai","Thane","4","1","1413","20000000","Rented","2024-08-02","AGENT-147"
"PROP-2025","Commercial Space","193, Noida, Delhi","Delhi","Noida","5","4","996","39400000","For Sale","2024-08-29","AGENT-130"
"PROP-2026","Independent House","40, Noida, Delhi","Delhi","Noida","4","3","1266","30000000","Rented","2023-12-12","AGENT-110"
"PROP-2027","Apartment","66, Vasant Kunj, Delhi","Delhi","Vasant Kunj","1","1","3884","7500000","For Sale","2023-08-29","AGENT-143"
"PROP-2028","Villa","178, Saket, Delhi","Delhi","Saket","1","2","3890","30000000","Rented","2024-02-01","AGENT-149"
"PROP-2029","Independent House","195, Indiranagar, Bengaluru","Bengaluru","Indiranagar","2","4","1420","30000000","Rented","2024-06-30","AGENT-123"
"PROP-2030","Plot","182, Thane, Mumbai","Mumbai","Thane","0","0","3463","6000000","Sold","2023-06-03","AGENT-131"
"PROP-2031","Villa","6, Bandra, Mumbai","Mumbai","Bandra","2","4","3608","40000000","Sold","2025-03-20","AGENT-136"
"PROP-2032","Villa","200, Whitefield, Bengaluru","Bengaluru","Whitefield","4","2","2006","20000000","For Rent","2023-12-17","AGENT-146"
"PROP-2033","Commercial Space","31, Whitefield, Bengaluru","Bengaluru","Whitefield","2","3","2084","22100000","Rented","2023-03-17","AGENT-123"
"PROP-2034","Villa","6, Bandra, Mumbai","Mumbai","Bandra","3","2","3073","40000000","For Sale","2025-02-11","AGENT-118"
"PROP-2035","Villa","3, Juhu, Mumbai","Mumbai","Juhu","2","4","1448","40000000","For Sale","2023-01-12","AGENT-141"
"PROP-2036","Villa","74, Noida, Delhi","Delhi","Noida","2","4","3878","20000000","For Rent","2023-06-06","AGENT-108"
"PROP-2037","Villa","20, Noida, Delhi","Delhi","Noida","4","2","799","40000000","For Rent","2024-12-28","AGENT-150"
"PROP-2038","Apartment","110, Saket, Delhi","Delhi","Saket","5","4","2970","6900000","For Rent","2024-03-02","AGENT-133"
"PROP-2039","Villa","5, Thane, Mumbai","Mumbai","Thane","5","3","1500","30000000","For Sale","2024-12-24","AGENT-102"
"PROP-2040","Plot","83, Jayanagar, Bengaluru","Bengaluru","Jayanagar","0","0","4413","2400000","Rented","2023-01-21","AGENT-127"
"PROP-2041","Independent House","146, Vasant Kunj, Delhi","Delhi","Vasant Kunj","4","3","3739","50000000","Rented","2024-10-13","AGENT-122"
"PROP-2042","Villa","62, Vasant Kunj, Delhi","Delhi","Vasant Kunj","5","3","3878","50000000","Rented","2023-12-28","AGENT-120"
"PROP-2043","Plot","67, Vasant Kunj, Delhi","Delhi","Vasant Kunj","0","0","2378","3700000","Sold","2025-02-22","AGENT-118"
"PROP-2044","Apartment","35, Juhu, Mumbai","Mumbai","Juhu","3","3","2003","6300000","For Rent","2023-12-04","AGENT-113"
"PROP-2045","Commercial Space","196, South Mumbai, Mumbai","Mumbai","South Mumbai","2","2","874","17900000","Sold","2023-04-27","AGENT-121"
"PROP-2046","Commercial Space","141, Noida, Delhi","Delhi","Noida","5","2","1668","27500000","Sold","2024-02-20","AGENT-134"
"PROP-2047","Plot","5, Vasant Kunj, Delhi","Delhi","Vasant Kunj","0","0","2841","4400000","For Rent","2023-10-07","AGENT-136"
"PROP-2048","Apartment","121, Hauz Khas, Delhi","Delhi","Hauz Khas","5","3","3735","8200000","For Rent","2024-07-25","AGENT-109"
"PROP-2049","Plot","44, Koramangala, Bengaluru","Bengaluru","Koramangala","0","0","3539","5800000","For Sale","2025-05-25","AGENT-111"
"PROP-2050","Independent House","33, HSR Layout, Bengaluru","Bengaluru","HSR Layout","5","4","3627","10000000","For Rent","2023-03-05","AGENT-136"
"PROP-2051","Commercial Space","40, Andheri, Mumbai","Mumbai","Andheri","3","4","2173","22600000","For Sale","2024-09-26","AGENT-143"
"PROP-2052","Villa","106, Bandra, Mumbai","Mumbai","Bandra","4","4","3379","10000000","For Sale","2024-07-25","AGENT-102"
"PROP-2053","Independent House","128, Thane, Mumbai","Mumbai","Thane","4","3","1583","20000000","Sold","2023-11-10","AGENT-108"
"PROP-2054","Independent House","32, Saket, Delhi","Delhi","Saket","5","1","3109","50000000","For Rent","2024-07-24","AGENT-130"
"PROP-2055","Commercial Space","28, Indiranagar, Bengaluru","Bengaluru","Indiranagar","3","1","2094","24600000","Sold","2023-12-14","AGENT-140"
"PROP-2056","Independent House","5, HSR Layout, Bengaluru","Bengaluru","HSR Layout","4","3","2256","30000000","Rented","2024-12-28","AGENT-137"
"PROP-2057","Independent House","66, Bandra, Mumbai","Mumbai","Bandra","5","3","2494","20000000","Sold","2024-05-27","AGENT-118"
"PROP-2058","Apartment","180, Vasant Kunj, Delhi","Delhi","Vasant Kunj","4","3","1347","5700000","Rented","2025-07-16","AGENT-124"
"PROP-2059","Apartment","187, Noida, Delhi","Delhi","Noida","2","1","798","7500000","Rented","2025-12-26","AGENT-111"
"PROP-2060","Independent House","75, Noida, Delhi","Delhi","Noida","4","3","1486","10000000","For Rent","2023-12-07","AGENT-134"
"PROP-2061","Plot","100, Koramangala, Bengaluru","Bengaluru","Koramangala","0","0","4366","4200000","Sold","2024-06-14","AGENT-120"
"PROP-2062","Commercial Space","81, Andheri, Mumbai","Mumbai","Andheri","2","3","3831","14800000","For Rent","2025-09-05","AGENT-142"
"PROP-2063","Independent House","73, Juhu, Mumbai","Mumbai","Juhu","1","1","3585","40000000","Rented","2025-05-25","AGENT-134"
"PROP-2064","Independent House","58, Vasant Kunj, Delhi","Delhi","Vasant Kunj","2","2","1908","20000000","Rented","2023-11-16","AGENT-113"
"PROP-2065","Apartment","7, Vasant Kunj, Delhi","Delhi","Vasant Kunj","3","2","2339","7700000","Rented","2025-03-12","AGENT-141"
"PROP-2066","Commercial Space","78, Saket, Delhi","Delhi","Saket","3","3","3491","22300000","Rented","2023-12-05","AGENT-109"
"PROP-2067","Plot","132, Gurgaon, Delhi","Delhi","Gurgaon","0","0","4462","2300000","For Sale","2024-12-12","AGENT-117"
"PROP-2068","Villa","11, Andheri, Mumbai","Mumbai","Andheri","2","2","2449","50000000","Sold","2025-04-09","AGENT-123"
"PROP-2069","Villa","173, Juhu, Mumbai","Mumbai","Juhu","1","1","3386","40000000","Sold","2025-11-18","AGENT-118"
"PROP-2070","Independent House","74, Noida, Delhi","Delhi","Noida","5","4","1028","30000000","For Sale","2024-03-30","AGENT-142"
"PROP-2071","Villa","93, Indiranagar, Bengaluru","Bengaluru","Indiranagar","1","1","2216","20000000","For Rent","2025-06-01","AGENT-114"
"PROP-2072","Independent House","19, Hauz Khas, Delhi","Delhi","Hauz Khas","2","1","891","40000000","Sold","2024-11-06","AGENT-114"
"PROP-2073","Independent House","92, Indiranagar, Bengaluru","Bengaluru","Indiranagar","4","3","1567","30000000","Rented","2025-08-14","AGENT-104"
"PROP-2074","Commercial Space","154, South Mumbai, Mumbai","Mumbai","South Mumbai","4","2","2037","41700000","Sold","2023-12-18","AGENT-118"
"PROP-2075","Commercial Space","115, Vasant Kunj, Delhi","Delhi","Vasant Kunj","3","1","3756","17900000","For Sale","2024-01-29","AGENT-146"
"PROP-2076","Villa","101, Indiranagar, Bengaluru","Bengaluru","Indiranagar","1","3","3530","10000000","For Sale","2023-09-03","AGENT-124"
"PROP-2077","Plot","70, Gurgaon, Delhi","Delhi","Gurgaon","0","0","4943","3300000","Sold","2024-06-06","AGENT-102"
"PROP-2078","Villa","27, Andheri, Mumbai","Mumbai","Andheri","4","2","1822","50000000","For Sale","2025-04-20","AGENT-115"
"PROP-2079","Commercial Space","127, Koramangala, Bengaluru","Bengaluru","Koramangala","4","1","3767","20100000","Sold","2025-11-07","AGENT-125"
"PROP-2080","Villa","14, Hauz Khas, Delhi","Delhi","Hauz Khas","4","2","1611","40000000","For Sale","2023-01-09","AGENT-102"
"PROP-2081","Commercial Space","32, Jayanagar, Bengaluru","Bengaluru","Jayanagar","1","1","2799","10700000","Rented","2023-10-07","AGENT-129"
"PROP-2082","Villa","119, Saket, Delhi","Delhi","Saket","4","3","758","50000000","For Rent","2023-10-08","AGENT-135"
"PROP-2083","Villa","65, Jayanagar, Bengaluru","Bengaluru","Jayanagar","5","2","2311","50000000","For Sale","2023-08-13","AGENT-117"
"PROP-2084","Independent House","172, Bandra, Mumbai","Mumbai","Bandra","2","2","743","50000000","Rented","2024-11-25","AGENT-105"
"PROP-2085","Commercial Space","182, South Mumbai, Mumbai","Mumbai","South Mumbai","2","1","2028","28700000","For Rent","2025-01-02","AGENT-137"
"PROP-2086","Plot","91, Saket, Delhi","Delhi","Saket","0","0","1606","3200000","For Rent","2023-04-15","AGENT-112"
"PROP-2087","Plot","193, Jayanagar, Bengaluru","Bengaluru","Jayanagar","0","0","1804","2700000","Sold","2025-10-03","AGENT-124"
"PROP-2088","Villa","62, Andheri, Mumbai","Mumbai","Andheri","1","4","869","10000000","Sold","2023-01-12","AGENT-149"
"PROP-2089","Independent House","189, Vasant Kunj, Delhi","Delhi","Vasant Kunj","2","3","2111","30000000","For Rent","2024-03-09","AGENT-113"
"PROP-2090","Plot","2, South Mumbai, Mumbai","Mumbai","South Mumbai","0","0","2851","7200000","For Rent","2024-08-06","AGENT-146"
"PROP-2091","Independent House","37, Thane, Mumbai","Mumbai","Thane","4","2","1026","50000000","Rented","2025-02-22","AGENT-123"
"PROP-2092","Apartment","102, Juhu, Mumbai","Mumbai","Juhu","4","2","1380","5600000","Sold","2023-10-31","AGENT-107"
"PROP-2093","Commercial Space","171, Jayanagar, Bengaluru","Bengaluru","Jayanagar","4","4","2318","48000000","Rented","2023-07-26","AGENT-101"
"PROP-2094","Plot","140, Whitefield, Bengaluru","Bengaluru","Whitefield","0","0","1699","7000000","Sold","2025-08-18","AGENT-112"
"PROP-2095","Apartment","178, Jayanagar, Bengaluru","Bengaluru","Jayanagar","2","3","2933","6400000","For Rent","2023-05-27","AGENT-114"
"PROP-2096","Independent House","128, Koramangala, Bengaluru","Bengaluru","Koramangala","1","3","2157","40000000","Sold","2023-03-02","AGENT-103"
"PROP-2097","Villa","21, Juhu, Mumbai","Mumbai","Juhu","2","1","3898","50000000","Rented","2023-03-27","AGENT-137"
"PROP-2098","Commercial Space","79, Gurgaon, Delhi","Delhi","Gurgaon","1","2","3285","50000000","For Sale","2026-01-04","AGENT-150"
"PROP-2099","Commercial Space","55, Andheri, Mumbai","Mumbai","Andheri","1","4","744","39800000","For Sale","2025-03-28","AGENT-141"
"PROP-2100","Independent House","198, Vasant Kunj, Delhi","Delhi","Vasant Kunj","4","4","1385","40000000","Sold","2023-01-03","AGENT-102"
"PROP-2101","Plot","138, Saket, Delhi","Delhi","Saket","0","0","4995","4800000","For Sale","2025-03-06","AGENT-115"
"PROP-2102","Plot","133, Whitefield, Bengaluru","Bengaluru","Whitefield","0","0","3065","3600000","Rented","2023-10-28","AGENT-108"
"PROP-2103","Villa","137, Jayanagar, Bengaluru","Bengaluru","Jayanagar","5","4","2219","10000000","For Rent","2025-04-15","AGENT-102"
"PROP-2104","Independent House","70, Bandra, Mumbai","Mumbai","Bandra","5","3","1905","40000000","For Rent","2025-06-18","AGENT-115"
"PROP-2105","Plot","184, Whitefield, Bengaluru","Bengaluru","Whitefield","0","0","2498","7000000","For Rent","2025-11-29","AGENT-103"
"PROP-2106","Apartment","72, Indiranagar, Bengaluru","Bengaluru","Indiranagar","1","3","2133","8500000","Rented","2024-11-07","AGENT-136"
"PROP-2107","Villa","99, Noida, Delhi","Delhi","Noida","4","1","2065","50000000","Rented","2025-08-21","AGENT-120"
"PROP-2108","Plot","174, Andheri, Mumbai","Mumbai","Andheri","0","0","1697","3700000","For Sale","2023-01-02","AGENT-130"
"PROP-2109","Independent House","57, Noida, Delhi","Delhi","Noida","3","1","983","10000000","Sold","2025-03-17","AGENT-101"
"PROP-2110","Plot","196, Bandra, Mumbai","Mumbai","Bandra","0","0","3918","5100000","Rented","2023-02-02","AGENT-148"
"PROP-2111","Commercial Space","147, Thane, Mumbai","Mumbai","Thane","5","4","1748","19500000","Rented","2024-01-31","AGENT-121"
"PROP-2112","Apartment","151, South Mumbai, Mumbai","Mumbai","South Mumbai","1","3","2124","8700000","For Sale","2023-07-01","AGENT-134"
"PROP-2113","Plot","132, HSR Layout, Bengaluru","Bengaluru","HSR Layout","0","0","2995","5200000","For Sale","2024-01-30","AGENT-136"
"PROP-2114","Commercial Space","24, Vasant Kunj, Delhi","Delhi","Vasant Kunj","3","3","2950","35700000","Sold","2025-10-05","AGENT-122"
"PROP-2115","Plot","30, Jayanagar, Bengaluru","Bengaluru","Jayanagar","0","0","4599","7500000","For Sale","2025-11-03","AGENT-134"
"PROP-2116","Villa","12, HSR Layout, Bengaluru","Bengaluru","HSR Layout","3","2","1112","20000000","Sold","2023-11-21","AGENT-111"
"PROP-2117","Apartment","46, Thane, Mumbai","Mumbai","Thane","5","3","641","6000000","For Sale","2023-09-05","AGENT-128"
"PROP-2118","Plot","147, Bandra, Mumbai","Mumbai","Bandra","0","0","4622","5200000","For Rent","2024-07-04","AGENT-150"
"PROP-2119","Plot","30, Andheri, Mumbai","Mumbai","Andheri","0","0","2366","4300000","For Sale","2025-05-29","AGENT-133"
"PROP-2120","Plot","75, Indiranagar, Bengaluru","Bengaluru","Indiranagar","0","0","1231","5300000","Sold","2025-03-30","AGENT-115"
"PROP-2121","Apartment","4, Bandra, Mumbai","Mumbai","Bandra","3","3","1173","5300000","Rented","2025-10-12","AGENT-118"
"PROP-2122","Commercial Space","74, Gurgaon, Delhi","Delhi","Gurgaon","5","2","2971","30200000","For Sale","2024-03-22","AGENT-111"
"PROP-2123","Apartment","123, Bandra, Mumbai","Mumbai","Bandra","2","1","3138","9000000","Sold","2024-04-02","AGENT-114"
"PROP-2124","Plot","143, Andheri, Mumbai","Mumbai","Andheri","0","0","1478","7900000","For Rent","2025-04-23","AGENT-129"
"PROP-2125","Apartment","32, Andheri, Mumbai","Mumbai","Andheri","3","1","1418","5000000","Sold","2025-06-07","AGENT-137"
"PROP-2126","Independent House","10, Bandra, Mumbai","Mumbai","Bandra","2","4","1796","10000000","For Sale","2024-09-11","AGENT-135"
"PROP-2127","Plot","4, Thane, Mumbai","Mumbai","Thane","0","0","1493","5700000","Sold","2025-04-24","AGENT-144"
"PROP-2128","Apartment","176, Bandra, Mumbai","Mumbai","Bandra","2","3","1866","6400000","Sold","2024-08-14","AGENT-124"
"PROP-2129","Plot","36, Juhu, Mumbai","Mumbai","Juhu","0","0","4125","6200000","For Sale","2025-01-24","AGENT-109"
"PROP-2130","Independent House","28, Whitefield, Bengaluru","Bengaluru","Whitefield","2","2","1166","40000000","Rented","2024-07-10","AGENT-130"
"PROP-2131","Villa","199, Thane, Mumbai","Mumbai","Thane","5","3","734","40000000","For Rent","2023-05-26","AGENT-115"
"PROP-2132","Villa","157, Jayanagar, Bengaluru","Bengaluru","Jayanagar","2","4","2438","10000000","For Rent","2023-09-13","AGENT-144"
"PROP-2133","Commercial Space","60, Indiranagar, Bengaluru","Bengaluru","Indiranagar","4","4","2121","48900000","For Sale","2023-01-07","AGENT-104"
"PROP-2134","Plot","74, Thane, Mumbai","Mumbai","Thane","0","0","3961","3800000","Sold","2024-08-08","AGENT-109"
"PROP-2135","Independent House","84, Noida, Delhi","Delhi","Noida","2","2","3237","20000000","For Rent","2024-02-24","AGENT-146"
"PROP-2136","Villa","4, Noida, Delhi","Delhi","Noida","2","3","2901","30000000","For Sale","2024-08-28","AGENT-145"
"PROP-2137","Independent House","194, Hauz Khas, Delhi","Delhi","Hauz Khas","5","2","1478","20000000","Sold","2023-01-09","AGENT-127"
"PROP-2138","Apartment","12, South Mumbai, Mumbai","Mumbai","South Mumbai","2","1","1568","7300000","For Sale","2023-03-09","AGENT-143"
"PROP-2139","Villa","132, Thane, Mumbai","Mumbai","Thane","3","1","1138","30000000","For Rent","2023-04-09","AGENT-135"
"PROP-2140","Commercial Space","120, Whitefield, Bengaluru","Bengaluru","Whitefield","4","3","3734","36400000","For Rent","2023-03-29","AGENT-115"
"PROP-2141","Villa","112, Indiranagar, Bengaluru","Bengaluru","Indiranagar","3","1","3609","50000000","For Rent","2025-02-09","AGENT-142"
"PROP-2142","Plot","131, South Mumbai, Mumbai","Mumbai","South Mumbai","0","0","3197","2000000","For Sale","2024-01-26","AGENT-150"
"PROP-2143","Plot","103, Vasant Kunj, Delhi","Delhi","Vasant Kunj","0","0","2796","6200000","Sold","2023-04-01","AGENT-144"
"PROP-2144","Villa","25, Indiranagar, Bengaluru","Bengaluru","Indiranagar","3","4","2404","40000000","For Rent","2023-01-02","AGENT-148"
"PROP-2145","Commercial Space","178, Vasant Kunj, Delhi","Delhi","Vasant Kunj","2","2","1066","14000000","Sold","2023-02-08","AGENT-133"
"PROP-2146","Apartment","150, South Mumbai, Mumbai","Mumbai","South Mumbai","2","4","3593","7400000","For Rent","2024-01-08","AGENT-118"
"PROP-2147","Villa","34, Andheri, Mumbai","Mumbai","Andheri","3","1","2394","10000000","For Sale","2023-01-19","AGENT-132"
"PROP-2148","Plot","33, Whitefield, Bengaluru","Bengaluru","Whitefield","0","0","4555","6400000","For Rent","2025-12-14","AGENT-134"
"PROP-2149","Plot","57, Whitefield, Bengaluru","Bengaluru","Whitefield","0","0","3415","3100000","For Rent","2024-08-16","AGENT-126"
"PROP-2150","Villa","32, Thane, Mumbai","Mumbai","Thane","2","4","1207","20000000","Sold","2023-05-27","AGENT-111"
"PROP-2151","Independent House","196, Hauz Khas, Delhi","Delhi","Hauz Khas","4","4","2334","10000000","Sold","2024-04-15","AGENT-129"
"PROP-2152","Commercial Space","130, Andheri, Mumbai","Mumbai","Andheri","1","3","1600","11800000","For Rent","2025-10-07","AGENT-122"
"PROP-2153","Villa","185, Hauz Khas, Delhi","Delhi","Hauz Khas","4","3","2159","40000000","For Rent","2023-11-12","AGENT-110"
"PROP-2154","Independent House","183, Koramangala, Bengaluru","Bengaluru","Koramangala","1","1","843","50000000","Rented","2025-06-06","AGENT-118"
"PROP-2155","Plot","78, Jayanagar, Bengaluru","Bengaluru","Jayanagar","0","0","2782","3100000","Sold","2024-01-28","AGENT-121"
"PROP-2156","Commercial Space","21, Whitefield, Bengaluru","Bengaluru","Whitefield","5","4","990","36700000","For Sale","2023-11-25","AGENT-148"
"PROP-2157","Independent House","37, Koramangala, Bengaluru","Bengaluru","Koramangala","2","1","3736","10000000","For Rent","2025-03-22","AGENT-137"
"PROP-2158","Villa","56, Jayanagar, Bengaluru","Bengaluru","Jayanagar","3","1","3383","50000000","For Sale","2023-12-02","AGENT-105"
"PROP-2159","Plot","188, Saket, Delhi","Delhi","Saket","0","0","4084","3000000","For Rent","2025-10-08","AGENT-113"
"PROP-2160","Apartment","58, Bandra, Mumbai","Mumbai","Bandra","4","4","3823","5200000","For Sale","2024-12-13","AGENT-146"
"PROP-2161","Villa","114, Juhu, Mumbai","Mumbai","Juhu","4","1","1893","40000000","Rented","2025-04-20","AGENT-146"
"PROP-2162","Apartment","103, Koramangala, Bengaluru","Bengaluru","Koramangala","5","2","3148","5600000","Rented","2024-09-21","AGENT-119"
"PROP-2163","Apartment","19, Vasant Kunj, Delhi","Delhi","Vasant Kunj","4","1","1830","5300000","For Rent","2023-05-03","AGENT-111"
"PROP-2164","Independent House","36, Koramangala, Bengaluru","Bengaluru","Koramangala","1","2","1962","50000000","Rented","2025-06-14","AGENT-105"
"PROP-2165","Villa","186, Hauz Khas, Delhi","Delhi","Hauz Khas","3","3","3492","20000000","For Rent","2024-04-06","AGENT-142"
"PROP-2166","Villa","63, Indiranagar, Bengaluru","Bengaluru","Indiranagar","5","1","3814","20000000","Rented","2024-11-02","AGENT-107"
"PROP-2167","Plot","170, South Mumbai, Mumbai","Mumbai","South Mumbai","0","0","2267","2400000","For Rent","2024-10-25","AGENT-142"
"PROP-2168","Apartment","187, Jayanagar, Bengaluru","Bengaluru","Jayanagar","4","2","2086","5500000","Rented","2024-10-19","AGENT-115"
"PROP-2169","Villa","52, Gurgaon, Delhi","Delhi","Gurgaon","3","4","748","40000000","For Rent","2025-04-02","AGENT-114"
"PROP-2170","Plot","105, Vasant Kunj, Delhi","Delhi","Vasant Kunj","0","0","2688","2700000","For Sale","2025-10-31","AGENT-123"
"PROP-2171","Commercial Space","167, Jayanagar, Bengaluru","Bengaluru","Jayanagar","2","1","1040","30500000","For Sale","2024-06-19","AGENT-116"
"PROP-2172","Villa","62, HSR Layout, Bengaluru","Bengaluru","HSR Layout","2","2","3560","10000000","For Sale","2023-06-08","AGENT-113"
"PROP-2173","Independent House","53, HSR Layout, Bengaluru","Bengaluru","HSR Layout","2","1","3716","10000000","Rented","2026-01-03","AGENT-105"
"PROP-2174","Plot","88, Gurgaon, Delhi","Delhi","Gurgaon","0","0","2930","6200000","For Sale","2024-08-22","AGENT-102"
"PROP-2175","Independent House","68, Noida, Delhi","Delhi","Noida","2","1","1019","20000000","For Sale","2024-04-24","AGENT-150"
"PROP-2176","Independent House","185, Vasant Kunj, Delhi","Delhi","Vasant Kunj","2","1","1256","40000000","For Sale","2023-04-13","AGENT-110"
"PROP-2177","Villa","138, Juhu, Mumbai","Mumbai","Juhu","5","4","2160","20000000","Sold","2024-10-09","AGENT-150"
"PROP-2178","Plot","82, Whitefield, Bengaluru","Bengaluru","Whitefield","0","0","3997","3500000","For Rent","2023-02-15","AGENT-131"
"PROP-2179","Plot","3, Indiranagar, Bengaluru","Bengaluru","Indiranagar","0","0","3890","4900000","For Rent","2024-09-17","AGENT-115"
"PROP-2180","Villa","92, Juhu, Mumbai","Mumbai","Juhu","3","1","3848","20000000","Sold","2023-01-15","AGENT-145"
"PROP-2181","Villa","136, Andheri, Mumbai","Mumbai","Andheri","4","2","1412","40000000","For Rent","2023-06-18","AGENT-138"
"PROP-2182","Apartment","182, Vasant Kunj, Delhi","Delhi","Vasant Kunj","4","4","951","6300000","Rented","2023-04-17","AGENT-102"
"PROP-2183","Apartment","82, Saket, Delhi","Delhi","Saket","4","4","1361","5000000","Sold","2023-12-28","AGENT-144"
"PROP-2184","Independent House","177, HSR Layout, Bengaluru","Bengaluru","HSR Layout","4","3","2708","40000000","Rented","2023-07-11","AGENT-142"
"PROP-2185","Villa","164, Koramangala, Bengaluru","Bengaluru","Koramangala","3","1","1722","50000000","For Rent","2023-05-22","AGENT-133"
"PROP-2186","Villa","139, Indiranagar, Bengaluru","Bengaluru","Indiranagar","5","2","3467","30000000","For Rent","2023-12-21","AGENT-111"
"PROP-2187","Villa","18, Vasant Kunj, Delhi","Delhi","Vasant Kunj","4","1","2474","50000000","Sold","2024-11-16","AGENT-146"
"PROP-2188","Independent House","64, Jayanagar, Bengaluru","Bengaluru","Jayanagar","3","2","834","50000000","For Rent","2024-03-25","AGENT-120"
"PROP-2189","Apartment","86, Noida, Delhi","Delhi","Noida","1","4","3127","4800000","Rented","2025-02-07","AGENT-131"
"PROP-2190","Villa","87, Koramangala, Bengaluru","Bengaluru","Koramangala","5","3","1412","40000000","Sold","2024-07-05","AGENT-141"
"PROP-2191","Apartment","133, Juhu, Mumbai","Mumbai","Juhu","1","3","1704","6900000","For Rent","2023-03-05","AGENT-123"
"PROP-2192","Plot","52, Andheri, Mumbai","Mumbai","Andheri","0","0","4687","6400000","For Sale","2023-11-15","AGENT-122"
"PROP-2193","Plot","66, Andheri, Mumbai","Mumbai","Andheri","0","0","3613","4900000","Rented","2023-03-02","AGENT-103"
"PROP-2194","Commercial Space","150, Koramangala, Bengaluru","Bengaluru","Koramangala","5","3","2629","47200000","For Rent","2024-10-12","AGENT-108"
"PROP-2195","Apartment","61, Indiranagar, Bengaluru","Bengaluru","Indiranagar","4","1","2330","9000000","Rented","2024-10-01","AGENT-106"
"PROP-2196","Commercial Space","140, Juhu, Mumbai","Mumbai","Juhu","1","4","1678","22800000","Rented","2024-05-07","AGENT-144"
"PROP-2197","Independent House","65, Whitefield, Bengaluru","Bengaluru","Whitefield","5","2","3932","20000000","Sold","2025-03-25","AGENT-128"
"PROP-2198","Villa","84, South Mumbai, Mumbai","Mumbai","South Mumbai","3","3","2978","30000000","Sold","2025-05-04","AGENT-113"
"PROP-2199","Apartment","45, Whitefield, Bengaluru","Bengaluru","Whitefield","1","3","954","9000000","Rented","2024-12-18","AGENT-130"
"PROP-2200","Villa","138, South Mumbai, Mumbai","Mumbai","South Mumbai","3","1","2528","40000000","For Sale","2023-06-05","AGENT-115"
"PROP-2201","Commercial Space","117, Koramangala, Bengaluru","Bengaluru","Koramangala","2","4","3752","41000000","For Rent","2023-09-14","AGENT-124"
"PROP-2202","Independent House","7, Vasant Kunj, Delhi","Delhi","Vasant Kunj","4","2","3846","30000000","For Sale","2025-04-19","AGENT-101"
"PROP-2203","Independent House","121, Thane, Mumbai","Mumbai","Thane","4","1","604","10000000","For Sale","2023-11-05","AGENT-115"
"PROP-2204","Commercial Space","156, Gurgaon, Delhi","Delhi","Gurgaon","5","3","1748","26200000","Sold","2023-05-05","AGENT-119"
"PROP-2205","Independent House","137, HSR Layout, Bengaluru","Bengaluru","HSR Layout","4","2","699","20000000","For Rent","2024-01-11","AGENT-106"
"PROP-2206","Villa","192, Jayanagar, Bengaluru","Bengaluru","Jayanagar","4","2","2509","20000000","For Sale","2023-08-13","AGENT-138"
"PROP-2207","Apartment","56, Thane, Mumbai","Mumbai","Thane","4","3","606","7100000","For Sale","2025-11-07","AGENT-135"
"PROP-2208","Plot","153, Whitefield, Bengaluru","Bengaluru","Whitefield","0","0","3617","3100000","Sold","2024-08-28","AGENT-109"
"PROP-2209","Plot","17, Andheri, Mumbai","Mumbai","Andheri","0","0","3771","4300000","For Rent","2024-07-31","AGENT-109"
"PROP-2210","Independent House","53, Saket, Delhi","Delhi","Saket","1","2","2019","10000000","For Sale","2023-12-12","AGENT-138"
"PROP-2211","Apartment","136, Juhu, Mumbai","Mumbai","Juhu","5","2","3448","8400000","For Rent","2025-12-28","AGENT-141"
"PROP-2212","Plot","87, Indiranagar, Bengaluru","Bengaluru","Indiranagar","0","0","4387","6900000","Sold","2025-12-24","AGENT-138"
"PROP-2213","Independent House","67, HSR Layout, Bengaluru","Bengaluru","HSR Layout","4","4","2172","40000000","For Sale","2024-09-30","AGENT-138"
"PROP-2214","Villa","23, Thane, Mumbai","Mumbai","Thane","4","4","3944","40000000","Rented","2025-01-04","AGENT-140"
"PROP-2215","Commercial Space","83, Vasant Kunj, Delhi","Delhi","Vasant Kunj","1","4","3213","48800000","Rented","2025-05-19","AGENT-148"
"PROP-2216","Apartment","152, Vasant Kunj, Delhi","Delhi","Vasant Kunj","2","3","3820","4000000","Sold","2025-05-21","AGENT-138"
"PROP-2217","Villa","52, Whitefield, Bengaluru","Bengaluru","Whitefield","3","3","2533","40000000","Rented","2024-10-04","AGENT-126"
"PROP-2218","Villa","174, Noida, Delhi","Delhi","Noida","4","3","1529","10000000","Sold","2025-08-15","AGENT-140"
"PROP-2219","Independent House","188, South Mumbai, Mumbai","Mumbai","South Mumbai","2","2","3953","30000000","Rented","2024-05-04","AGENT-134"
"PROP-2220","Independent House","164, Gurgaon, Delhi","Delhi","Gurgaon","1","4","3996","30000000","For Sale","2024-09-06","AGENT-146"
"PROP-2221","Independent House","155, HSR Layout, Bengaluru","Bengaluru","HSR Layout","2","2","764","50000000","For Sale","2024-12-25","AGENT-124"
"PROP-2222","Plot","199, Saket, Delhi","Delhi","Saket","0","0","3596","4900000","For Rent","2024-02-01","AGENT-108"
"PROP-2223","Independent House","126, Bandra, Mumbai","Mumbai","Bandra","4","3","2127","50000000","Rented","2025-02-12","AGENT-107"
"PROP-2224","Plot","89, Juhu, Mumbai","Mumbai","Juhu","0","0","1976","2200000","For Rent","2023-12-02","AGENT-107"
"PROP-2225","Plot","16, Vasant Kunj, Delhi","Delhi","Vasant Kunj","0","0","4728","3400000","Rented","2023-02-10","AGENT-142"
"PROP-2226","Commercial Space","192, Indiranagar, Bengaluru","Bengaluru","Indiranagar","5","2","3381","33700000","For Sale","2025-10-04","AGENT-118"
"PROP-2227","Villa","41, Jayanagar, Bengaluru","Bengaluru","Jayanagar","4","1","1659","20000000","For Sale","2024-07-24","AGENT-121"
"PROP-2228","Plot","62, Jayanagar, Bengaluru","Bengaluru","Jayanagar","0","0","3301","3100000","Rented","2024-06-25","AGENT-142"
"PROP-2229","Villa","43, Thane, Mumbai","Mumbai","Thane","1","1","3930","40000000","Sold","2024-01-30","AGENT-129"
"PROP-2230","Independent House","1, Koramangala, Bengaluru","Bengaluru","Koramangala","5","2","2745","30000000","For Sale","2024-05-11","AGENT-128"
"PROP-2231","Commercial Space","181, Thane, Mumbai","Mumbai","Thane","2","2","3950","17900000","Rented","2025-05-15","AGENT-130"
"PROP-2232","Apartment","14, HSR Layout, Bengaluru","Bengaluru","HSR Layout","4","2","1394","5700000","For Sale","2023-10-06","AGENT-119"
"PROP-2233","Apartment","25, Gurgaon, Delhi","Delhi","Gurgaon","3","3","963","5500000","For Sale","2025-11-04","AGENT-122"
"PROP-2234","Villa","76, Hauz Khas, Delhi","Delhi","Hauz Khas","2","1","2898","30000000","For Sale","2024-07-21","AGENT-101"
"PROP-2235","Apartment","167, Hauz Khas, Delhi","Delhi","Hauz Khas","1","4","3495","4800000","Sold","2024-10-01","AGENT-143"
"PROP-2236","Plot","96, Jayanagar, Bengaluru","Bengaluru","Jayanagar","0","0","4449","7500000","Sold","2024-12-08","AGENT-136"
"PROP-2237","Independent House","130, Whitefield, Bengaluru","Bengaluru","Whitefield","3","4","2987","30000000","Rented","2023-02-18","AGENT-134"
"PROP-2238","Commercial Space","84, Whitefield, Bengaluru","Bengaluru","Whitefield","3","1","2472","31900000","Sold","2025-01-24","AGENT-113"
"PROP-2239","Commercial Space","95, Gurgaon, Delhi","Delhi","Gurgaon","3","1","2216","40500000","Sold","2023-01-07","AGENT-144"
"PROP-2240","Independent House","199, Jayanagar, Bengaluru","Bengaluru","Jayanagar","5","3","3299","10000000","For Rent","2023-10-06","AGENT-102"
"PROP-2241","Commercial Space","111, Whitefield, Bengaluru","Bengaluru","Whitefield","1","4","1628","42800000","Rented","2023-11-14","AGENT-122"
"PROP-2242","Villa","119, Jayanagar, Bengaluru","Bengaluru","Jayanagar","5","4","1823","20000000","Sold","2023-07-12","AGENT-148"
"PROP-2243","Apartment","195, Hauz Khas, Delhi","Delhi","Hauz Khas","5","1","3852","8400000","For Rent","2024-10-30","AGENT-133"
"PROP-2244","Villa","138, Vasant Kunj, Delhi","Delhi","Vasant Kunj","4","3","1143","40000000","For Sale","2024-02-06","AGENT-119"
"PROP-2245","Plot","26, Vasant Kunj, Delhi","Delhi","Vasant Kunj","0","0","4433","2100000","Sold","2023-04-19","AGENT-104"
"PROP-2246","Commercial Space","172, Noida, Delhi","Delhi","Noida","5","3","3634","17000000","For Sale","2025-02-03","AGENT-128"
"PROP-2247","Apartment","67, HSR Layout, Bengaluru","Bengaluru","HSR Layout","4","4","3972","5300000","Sold","2024-07-25","AGENT-107"
"PROP-2248","Independent House","20, Koramangala, Bengaluru","Bengaluru","Koramangala","5","1","2153","40000000","Sold","2025-12-20","AGENT-118"
"PROP-2249","Villa","46, Noida, Delhi","Delhi","Noida","3","1","1602","50000000","Sold","2026-01-10","AGENT-146"
"PROP-2250","Independent House","104, South Mumbai, Mumbai","Mumbai","South Mumbai","2","3","3816","10000000","For Rent","2025-08-23","AGENT-128"
"PROP-2251","Apartment","101, Koramangala, Bengaluru","Bengaluru","Koramangala","2","2","2873","7500000","For Sale","2024-04-22","AGENT-134"
"PROP-2252","Independent House","96, Gurgaon, Delhi","Delhi","Gurgaon","5","3","3096","30000000","For Sale","2025-11-29","AGENT-127"
"PROP-2253","Commercial Space","4, HSR Layout, Bengaluru","Bengaluru","HSR Layout","2","4","2567","41300000","For Sale","2024-05-20","AGENT-136"
"PROP-2254","Commercial Space","177, Indiranagar, Bengaluru","Bengaluru","Indiranagar","5","4","1093","11400000","For Rent","2025-09-29","AGENT-119"
"PROP-2255","Villa","24, Juhu, Mumbai","Mumbai","Juhu","2","2","3083","40000000","For Sale","2024-10-17","AGENT-128"
"PROP-2256","Villa","106, Thane, Mumbai","Mumbai","Thane","1","2","1536","40000000","Rented","2023-01-12","AGENT-148"
"PROP-2257","Plot","51, Indiranagar, Bengaluru","Bengaluru","Indiranagar","0","0","2925","7500000","Sold","2024-02-05","AGENT-108"
"PROP-2258","Independent House","160, Vasant Kunj, Delhi","Delhi","Vasant Kunj","5","4","2210","30000000","For Sale","2024-10-16","AGENT-147"
"PROP-2259","Commercial Space","174, Juhu, Mumbai","Mumbai","Juhu","2","2","977","15800000","Rented","2025-06-02","AGENT-124"
"PROP-2260","Apartment","74, Jayanagar, Bengaluru","Bengaluru","Jayanagar","2","4","3961","7300000","For Sale","2025-08-12","AGENT-107"
"PROP-2261","Plot","57, Thane, Mumbai","Mumbai","Thane","0","0","4909","5700000","Rented","2025-12-03","AGENT-105"
"PROP-2262","Independent House","5, Thane, Mumbai","Mumbai","Thane","5","4","1740","40000000","Rented","2024-01-21","AGENT-137"
"PROP-2263","Villa","154, Saket, Delhi","Delhi","Saket","2","2","876","10000000","For Sale","2023-12-16","AGENT-133"
"PROP-2264","Independent House","170, Andheri, Mumbai","Mumbai","Andheri","4","3","3640","50000000","For Sale","2023-03-20","AGENT-134"
"PROP-2265","Apartment","20, Vasant Kunj, Delhi","Delhi","Vasant Kunj","4","3","1728","5400000","Rented","2025-08-20","AGENT-115"
"PROP-2266","Independent House","9, Hauz Khas, Delhi","Delhi","Hauz Khas","5","2","855","20000000","For Rent","2023-06-30","AGENT-105"
"PROP-2267","Commercial Space","69, Hauz Khas, Delhi","Delhi","Hauz Khas","4","2","3604","22600000","Sold","2025-02-25","AGENT-102"
"PROP-2268","Apartment","175, Indiranagar, Bengaluru","Bengaluru","Indiranagar","2","4","3804","6000000","Rented","2025-04-08","AGENT-102"
"PROP-2269","Villa","152, Bandra, Mumbai","Mumbai","Bandra","5","2","2920","20000000","For Rent","2023-06-02","AGENT-138"
"PROP-2270","Plot","159, Whitefield, Bengaluru","Bengaluru","Whitefield","0","0","2246","6300000","Rented","2023-05-03","AGENT-103"
"PROP-2271","Commercial Space","6, Gurgaon, Delhi","Delhi","Gurgaon","3","1","2992","12600000","For Sale","2025-06-24","AGENT-143"
"PROP-2272","Villa","74, Jayanagar, Bengaluru","Bengaluru","Jayanagar","3","3","3817","10000000","For Rent","2023-03-24","AGENT-119"
"PROP-2273","Apartment","48, Whitefield, Bengaluru","Bengaluru","Whitefield","3","2","903","6600000","For Rent","2025-08-20","AGENT-141"
"PROP-2274","Apartment","15, Saket, Delhi","Delhi","Saket","5","2","865","4200000","Sold","2023-10-18","AGENT-137"
"PROP-2275","Commercial Space","6, South Mumbai, Mumbai","Mumbai","South Mumbai","2","4","631","9100000","For Rent","2025-08-21","AGENT-124"
"PROP-2276","Plot","119, Noida, Delhi","Delhi","Noida","0","0","4257","6800000","Rented","2023-12-17","AGENT-110"
"PROP-2277","Villa","81, Saket, Delhi","Delhi","Saket","3","3","896","10000000","Rented","2024-07-29","AGENT-115"
"PROP-2278","Commercial Space","147, Bandra, Mumbai","Mumbai","Bandra","2","2","695","10400000","For Sale","2025-09-19","AGENT-140"
"PROP-2279","Villa","109, Vasant Kunj, Delhi","Delhi","Vasant Kunj","4","2","2283","40000000","For Sale","2023-10-06","AGENT-128"
"PROP-2280","Plot","154, Whitefield, Bengaluru","Bengaluru","Whitefield","0","0","3387","6000000","Sold","2023-04-07","AGENT-128"
"PROP-2281","Plot","90, Bandra, Mumbai","Mumbai","Bandra","0","0","2888","4500000","For Sale","2025-08-12","AGENT-101"
"PROP-2282","Independent House","47, Noida, Delhi","Delhi","Noida","5","1","1672","30000000","Sold","2025-12-04","AGENT-128"
"PROP-2283","Plot","91, Noida, Delhi","Delhi","Noida","0","0","2169","8000000","For Rent","2023-07-24","AGENT-147"
"PROP-2284","Plot","105, Saket, Delhi","Delhi","Saket","0","0","1326","6800000","For Sale","2024-01-01","AGENT-117"
"PROP-2285","Apartment","148, Noida, Delhi","Delhi","Noida","5","1","2548","5000000","Rented","2025-02-19","AGENT-123"
"PROP-2286","Independent House","180, Koramangala, Bengaluru","Bengaluru","Koramangala","4","1","982","20000000","For Rent","2023-12-18","AGENT-133"
"PROP-2287","Villa","164, Jayanagar, Bengaluru","Bengaluru","Jayanagar","4","4","1667","40000000","For Sale","2024-10-23","AGENT-129"
"PROP-2288","Villa","24, HSR Layout, Bengaluru","Bengaluru","HSR Layout","1","2","1821","20000000","For Sale","2023-11-02","AGENT-146"
"PROP-2289","Commercial Space","80, Noida, Delhi","Delhi","Noida","2","3","3817","38900000","For Rent","2025-07-21","AGENT-125"
"PROP-2290","Apartment","33, Bandra, Mumbai","Mumbai","Bandra","3","2","752","6500000","Sold","2026-01-04","AGENT-131"
"PROP-2291","Villa","44, Thane, Mumbai","Mumbai","Thane","4","1","3967","30000000","Rented","2023-02-22","AGENT-135"
"PROP-2292","Apartment","50, Bandra, Mumbai","Mumbai","Bandra","5","1","3128","5100000","Rented","2024-08-17","AGENT-103"
"PROP-2293","Plot","13, Koramangala, Bengaluru","Bengaluru","Koramangala","0","0","3287","2700000","Rented","2023-08-16","AGENT-148"
"PROP-2294","Villa","107, Noida, Delhi","Delhi","Noida","4","1","3341","10000000","For Sale","2025-01-25","AGENT-106"
"PROP-2295","Villa","64, Vasant Kunj, Delhi","Delhi","Vasant Kunj","2","4","1747","50000000","For Sale","2023-07-02","AGENT-112"
"PROP-2296","Plot","79, Koramangala, Bengaluru","Bengaluru","Koramangala","0","0","2436","4800000","For Rent","2023-07-19","AGENT-106"
"PROP-2297","Commercial Space","97, South Mumbai, Mumbai","Mumbai","South Mumbai","3","3","2201","35200000","Sold","2025-07-25","AGENT-135"
"PROP-2298","Commercial Space","35, Hauz Khas, Delhi","Delhi","Hauz Khas","5","4","2446","28600000","Sold","2025-05-10","AGENT-105"
"PROP-2299","Commercial Space","135, Noida, Delhi","Delhi","Noida","1","4","3953","31300000","Rented","2023-02-07","AGENT-104"
"PROP-2300","Commercial Space","113, Thane, Mumbai","Mumbai","Thane","2","4","2202","40100000","Rented","2025-07-03","AGENT-113"
"PROP-2301","Independent House","42, Jayanagar, Bengaluru","Bengaluru","Jayanagar","2","1","2417","30000000","For Sale","2024-11-26","AGENT-108"
"PROP-2302","Plot","115, Gurgaon, Delhi","Delhi","Gurgaon","0","0","1213","3500000","Sold","2025-12-09","AGENT-145"
"PROP-2303","Commercial Space","86, HSR Layout, Bengaluru","Bengaluru","HSR Layout","4","1","2474","43500000","For Sale","2025-10-26","AGENT-117"
"PROP-2304","Villa","146, Hauz Khas, Delhi","Delhi","Hauz Khas","2","2","1990","10000000","Rented","2025-05-30","AGENT-114"
"PROP-2305","Commercial Space","39, Bandra, Mumbai","Mumbai","Bandra","3","4","3573","31400000","Sold","2023-07-09","AGENT-125"
"PROP-2306","Apartment","110, HSR Layout, Bengaluru","Bengaluru","HSR Layout","2","4","1743","8000000","Sold","2024-05-03","AGENT-117"
"PROP-2307","Independent House","54, HSR Layout, Bengaluru","Bengaluru","HSR Layout","1","1","872","20000000","Sold","2025-09-30","AGENT-128"
"PROP-2308","Independent House","101, Gurgaon, Delhi","Delhi","Gurgaon","1","2","768","30000000","Rented","2023-03-14","AGENT-105"
"PROP-2309","Apartment","120, Vasant Kunj, Delhi","Delhi","Vasant Kunj","3","4","2945","8300000","Rented","2023-02-02","AGENT-134"
"PROP-2310","Apartment","100, Jayanagar, Bengaluru","Bengaluru","Jayanagar","4","1","1297","4300000","Sold","2025-02-04","AGENT-124"
"PROP-2311","Independent House","81, HSR Layout, Bengaluru","Bengaluru","HSR Layout","1","1","2321","40000000","For Sale","2025-02-18","AGENT-135"
"PROP-2312","Apartment","4, Hauz Khas, Delhi","Delhi","Hauz Khas","5","2","744","8500000","For Sale","2023-04-05","AGENT-135"
"PROP-2313","Commercial Space","93, Hauz Khas, Delhi","Delhi","Hauz Khas","1","2","2254","14500000","Rented","2023-04-03","AGENT-125"
"PROP-2314","Plot","104, Indiranagar, Bengaluru","Bengaluru","Indiranagar","0","0","4674","2900000","Rented","2025-05-29","AGENT-149"
"PROP-2315","Independent House","90, Koramangala, Bengaluru","Bengaluru","Koramangala","4","3","2631","10000000","Rented","2025-10-01","AGENT-104"
"PROP-2316","Independent House","158, Bandra, Mumbai","Mumbai","Bandra","4","3","3389","50000000","For Sale","2023-07-16","AGENT-137"
"PROP-2317","Villa","143, Juhu, Mumbai","Mumbai","Juhu","4","2","2536","50000000","For Rent","2023-08-24","AGENT-103"
"PROP-2318","Apartment","70, Vasant Kunj, Delhi","Delhi","Vasant Kunj","5","3","2850","8600000","For Sale","2023-11-20","AGENT-112"
"PROP-2319","Commercial Space","195, Vasant Kunj, Delhi","Delhi","Vasant Kunj","2","4","3491","48400000","For Rent","2024-12-25","AGENT-129"
"PROP-2320","Independent House","139, HSR Layout, Bengaluru","Bengaluru","HSR Layout","5","1","1120","10000000","For Sale","2023-08-28","AGENT-140"
"PROP-2321","Commercial Space","50, Koramangala, Bengaluru","Bengaluru","Koramangala","2","3","3562","31100000","For Rent","2023-09-17","AGENT-118"
"PROP-2322","Plot","168, Juhu, Mumbai","Mumbai","Juhu","0","0","4756","6600000","For Rent","2023-09-21","AGENT-107"
"PROP-2323","Villa","180, Bandra, Mumbai","Mumbai","Bandra","2","1","3529","50000000","Sold","2023-07-29","AGENT-143"
"PROP-2324","Independent House","108, HSR Layout, Bengaluru","Bengaluru","HSR Layout","2","3","2633","30000000","For Rent","2023-03-13","AGENT-108"
"PROP-2325","Apartment","12, Bandra, Mumbai","Mumbai","Bandra","5","4","1315","7800000","For Sale","2024-10-24","AGENT-114"
"PROP-2326","Independent House","192, Noida, Delhi","Delhi","Noida","3","2","3213","40000000","Rented","2024-10-21","AGENT-106"
"PROP-2327","Commercial Space","147, Koramangala, Bengaluru","Bengaluru","Koramangala","1","4","901","40600000","For Sale","2023-05-13","AGENT-135"
"PROP-2328","Apartment","48, Saket, Delhi","Delhi","Saket","3","3","2738","8600000","For Sale","2025-06-30","AGENT-150"
"PROP-2329","Plot","84, Hauz Khas, Delhi","Delhi","Hauz Khas","0","0","4410","5200000","For Sale","2024-09-03","AGENT-137"
"PROP-2330","Plot","7, Bandra, Mumbai","Mumbai","Bandra","0","0","1152","4600000","Sold","2025-04-24","AGENT-129"
"PROP-2331","Apartment","36, South Mumbai, Mumbai","Mumbai","South Mumbai","3","1","1375","8400000","Rented","2023-12-30","AGENT-114"
"PROP-2332","Plot","22, HSR Layout, Bengaluru","Bengaluru","HSR Layout","0","0","4888","5400000","For Sale","2025-10-31","AGENT-130"
"PROP-2333","Commercial Space","34, South Mumbai, Mumbai","Mumbai","South Mumbai","4","3","690","10300000","Rented","2023-06-20","AGENT-135"
"PROP-2334","Commercial Space","91, Juhu, Mumbai","Mumbai","Juhu","5","4","2805","15500000","Sold","2024-05-09","AGENT-142"
"PROP-2335","Villa","128, Indiranagar, Bengaluru","Bengaluru","Indiranagar","4","4","3218","40000000","Sold","2024-11-15","AGENT-122"
"PROP-2336","Independent House","188, Thane, Mumbai","Mumbai","Thane","3","3","2860","10000000","Rented","2023-07-29","AGENT-105"
"PROP-2337","Villa","117, Andheri, Mumbai","Mumbai","Andheri","5","1","3837","30000000","For Rent","2024-10-31","AGENT-142"
"PROP-2338","Apartment","107, Vasant Kunj, Delhi","Delhi","Vasant Kunj","5","1","3405","5900000","For Rent","2024-01-06","AGENT-108"
"PROP-2339","Independent House","68, Noida, Delhi","Delhi","Noida","1","4","3592","20000000","Sold","2025-12-26","AGENT-125"
"PROP-2340","Apartment","82, Hauz Khas, Delhi","Delhi","Hauz Khas","4","2","854","5000000","For Rent","2025-07-24","AGENT-107"
"PROP-2341","Independent House","101, Whitefield, Bengaluru","Bengaluru","Whitefield","5","4","1925","10000000","Rented","2025-09-18","AGENT-145"
"PROP-2342","Villa","58, HSR Layout, Bengaluru","Bengaluru","HSR Layout","4","4","730","40000000","For Sale","2023-06-24","AGENT-105"
"PROP-2343","Villa","177, Whitefield, Bengaluru","Bengaluru","Whitefield","4","2","1484","50000000","Rented","2023-03-01","AGENT-121"
"PROP-2344","Villa","63, Saket, Delhi","Delhi","Saket","3","2","829","40000000","Rented","2024-04-08","AGENT-107"
"PROP-2345","Villa","79, Gurgaon, Delhi","Delhi","Gurgaon","2","4","1116","50000000","For Rent","2025-04-21","AGENT-132"
"PROP-2346","Commercial Space","86, HSR Layout, Bengaluru","Bengaluru","HSR Layout","3","2","1995","27400000","Sold","2023-06-07","AGENT-115"
"PROP-2347","Apartment","184, Hauz Khas, Delhi","Delhi","Hauz Khas","2","1","3398","8800000","Sold","2024-08-28","AGENT-129"
"PROP-2348","Plot","60, Juhu, Mumbai","Mumbai","Juhu","0","0","4060","2000000","Sold","2024-10-10","AGENT-121"
"PROP-2349","Commercial Space","139, Whitefield, Bengaluru","Bengaluru","Whitefield","3","3","3868","20700000","For Rent","2024-04-03","AGENT-102"
"PROP-2350","Commercial Space","138, Vasant Kunj, Delhi","Delhi","Vasant Kunj","3","4","2091","32600000","For Rent","2025-12-15","AGENT-149"
"PROP-2351","Apartment","124, Indiranagar, Bengaluru","Bengaluru","Indiranagar","5","2","3690","4600000","For Rent","2024-05-24","AGENT-109"
"PROP-2352","Apartment","81, Hauz Khas, Delhi","Delhi","Hauz Khas","5","4","2525","4900000","For Sale","2024-06-25","AGENT-141"
"PROP-2353","Villa","195, Indiranagar, Bengaluru","Bengaluru","Indiranagar","2","3","3360","50000000","Sold","2025-06-18","AGENT-104"
"PROP-2354","Commercial Space","97, Gurgaon, Delhi","Delhi","Gurgaon","1","4","618","34200000","For Rent","2023-07-16","AGENT-116"
"PROP-2355","Plot","132, South Mumbai, Mumbai","Mumbai","South Mumbai","0","0","1382","6900000","For Sale","2023-08-22","AGENT-119"
"PROP-2356","Commercial Space","41, Noida, Delhi","Delhi","Noida","3","1","3939","33300000","For Sale","2025-01-05","AGENT-125"
"PROP-2357","Apartment","172, Noida, Delhi","Delhi","Noida","1","1","1119","5500000","For Sale","2025-11-08","AGENT-145"
"PROP-2358","Plot","13, Saket, Delhi","Delhi","Saket","0","0","3505","3100000","For Sale","2025-04-03","AGENT-107"
"PROP-2359","Villa","150, Juhu, Mumbai","Mumbai","Juhu","5","2","3718","20000000","For Rent","2023-12-09","AGENT-117"
"PROP-2360","Villa","58, Hauz Khas, Delhi","Delhi","Hauz Khas","4","3","2266","40000000","For Rent","2024-11-04","AGENT-108"
"PROP-2361","Commercial Space","57, Bandra, Mumbai","Mumbai","Bandra","4","4","2135","47800000","Sold","2025-10-29","AGENT-150"
"PROP-2362","Apartment","173, Koramangala, Bengaluru","Bengaluru","Koramangala","1","2","3279","8400000","Sold","2023-08-26","AGENT-143"
"PROP-2363","Plot","164, Saket, Delhi","Delhi","Saket","0","0","4518","5500000","For Sale","2025-04-15","AGENT-101"
"PROP-2364","Villa","99, Whitefield, Bengaluru","Bengaluru","Whitefield","2","4","3741","20000000","For Rent","2023-08-13","AGENT-147"
"PROP-2365","Apartment","186, Saket, Delhi","Delhi","Saket","1","3","3626","8500000","Rented","2024-07-03","AGENT-121"
"PROP-2366","Commercial Space","123, Saket, Delhi","Delhi","Saket","5","1","3621","39900000","Sold","2025-05-04","AGENT-144"
"PROP-2367","Independent House","19, Noida, Delhi","Delhi","Noida","1","1","1884","30000000","For Rent","2025-10-28","AGENT-144"
"PROP-2368","Villa","90, Andheri, Mumbai","Mumbai","Andheri","4","1","3115","20000000","For Rent","2024-01-09","AGENT-143"
"PROP-2369","Commercial Space","98, Juhu, Mumbai","Mumbai","Juhu","4","3","3367","43900000","Rented","2023-01-16","AGENT-133"
"PROP-2370","Apartment","6, Juhu, Mumbai","Mumbai","Juhu","5","2","3190","6700000","For Sale","2023-11-10","AGENT-111"
"PROP-2371","Independent House","30, HSR Layout, Bengaluru","Bengaluru","HSR Layout","3","4","1853","30000000","For Sale","2023-02-02","AGENT-118"
"PROP-2372","Commercial Space","142, Jayanagar, Bengaluru","Bengaluru","Jayanagar","4","1","1302","11800000","Rented","2024-01-24","AGENT-107"
"PROP-2373","Commercial Space","132, Vasant Kunj, Delhi","Delhi","Vasant Kunj","3","4","2819","42500000","Sold","2023-12-04","AGENT-104"
"PROP-2374","Plot","136, Vasant Kunj, Delhi","Delhi","Vasant Kunj","0","0","2480","3000000","Rented","2024-08-10","AGENT-123"
"PROP-2375","Apartment","163, Hauz Khas, Delhi","Delhi","Hauz Khas","1","2","1453","4400000","For Sale","2023-12-07","AGENT-129"
"PROP-2376","Plot","159, HSR Layout, Bengaluru","Bengaluru","HSR Layout","0","0","3337","2100000","Rented","2024-07-26","AGENT-136"
"PROP-2377","Plot","57, Hauz Khas, Delhi","Delhi","Hauz Khas","0","0","1800","4100000","For Rent","2023-12-29","AGENT-143"
"PROP-2378","Commercial Space","71, Whitefield, Bengaluru","Bengaluru","Whitefield","5","2","2550","24900000","Sold","2025-04-04","AGENT-101"
"PROP-2379","Apartment","153, Vasant Kunj, Delhi","Delhi","Vasant Kunj","5","2","3359","8500000","Sold","2024-07-04","AGENT-108"
"PROP-2380","Independent House","141, South Mumbai, Mumbai","Mumbai","South Mumbai","3","3","3418","50000000","For Rent","2023-02-01","AGENT-128"
"PROP-2381","Plot","169, Andheri, Mumbai","Mumbai","Andheri","0","0","3499","5700000","Rented","2023-01-30","AGENT-103"
"PROP-2382","Commercial Space","170, Noida, Delhi","Delhi","Noida","2","4","2824","40000000","Rented","2025-05-25","AGENT-121"
"PROP-2383","Villa","42, Andheri, Mumbai","Mumbai","Andheri","2","1","1758","20000000","For Rent","2023-06-04","AGENT-103"
"PROP-2384","Plot","30, Saket, Delhi","Delhi","Saket","0","0","2072","5600000","For Sale","2025-06-05","AGENT-145"
"PROP-2385","Villa","137, HSR Layout, Bengaluru","Bengaluru","HSR Layout","5","2","1465","30000000","Rented","2025-01-26","AGENT-130"
"PROP-2386","Villa","28, Saket, Delhi","Delhi","Saket","5","3","1097","30000000","For Sale","2023-07-23","AGENT-143"
"PROP-2387","Plot","59, Thane, Mumbai","Mumbai","Thane","0","0","1066","7400000","For Sale","2024-08-04","AGENT-134"
"PROP-2388","Commercial Space","119, Bandra, Mumbai","Mumbai","Bandra","4","2","3301","35800000","For Rent","2023-03-17","AGENT-150"
"PROP-2389","Apartment","51, Whitefield, Bengaluru","Bengaluru","Whitefield","1","2","1366","4400000","Sold","2025-01-30","AGENT-101"
"PROP-2390","Commercial Space","82, Jayanagar, Bengaluru","Bengaluru","Jayanagar","4","1","612","14600000","Sold","2023-09-04","AGENT-148"
"PROP-2391","Independent House","54, South Mumbai, Mumbai","Mumbai","South Mumbai","2","2","2059","50000000","For Rent","2023-07-17","AGENT-133"
"PROP-2392","Commercial Space","23, Thane, Mumbai","Mumbai","Thane","2","1","2471","15600000","Sold","2023-05-27","AGENT-149"
"PROP-2393","Independent House","190, Koramangala, Bengaluru","Bengaluru","Koramangala","2","1","652","30000000","Rented","2025-07-25","AGENT-131"
"PROP-2394","Villa","96, Noida, Delhi","Delhi","Noida","3","1","2217","40000000","For Sale","2025-07-29","AGENT-108"
"PROP-2395","Commercial Space","126, HSR Layout, Bengaluru","Bengaluru","HSR Layout","3","2","3393","34500000","Sold","2024-06-21","AGENT-138"
"PROP-2396","Independent House","145, Gurgaon, Delhi","Delhi","Gurgaon","1","3","1378","20000000","Rented","2024-03-30","AGENT-143"
"PROP-2397","Apartment","19, Bandra, Mumbai","Mumbai","Bandra","5","3","1865","7100000","For Rent","2023-05-13","AGENT-136"
"PROP-2398","Commercial Space","92, Bandra, Mumbai","Mumbai","Bandra","3","4","2026","12000000","For Rent","2025-06-14","AGENT-116"
"PROP-2399","Apartment","124, Gurgaon, Delhi","Delhi","Gurgaon","2","1","914","8600000","For Rent","2025-07-12","AGENT-144"
"PROP-2400","Villa","95, Whitefield, Bengaluru","Bengaluru","Whitefield","4","2","2869","10000000","For Rent","2023-02-18","AGENT-107"
"PROP-2401","Plot","1, Whitefield, Bengaluru","Bengaluru","Whitefield","0","0","4724","4300000","Sold","2023-09-29","AGENT-138"
"PROP-2402","Apartment","73, Juhu, Mumbai","Mumbai","Juhu","2","3","3271","8200000","Sold","2024-03-05","AGENT-106"
"PROP-2403","Apartment","66, Indiranagar, Bengaluru","Bengaluru","Indiranagar","5","3","1450","4600000","Sold","2023-05-25","AGENT-149"
"PROP-2404","Commercial Space","182, Thane, Mumbai","Mumbai","Thane","4","1","3909","39400000","For Sale","2024-10-31","AGENT-120"
"PROP-2405","Apartment","22, Vasant Kunj, Delhi","Delhi","Vasant Kunj","2","4","842","6700000","Rented","2024-03-17","AGENT-148"
"PROP-2406","Apartment","189, Jayanagar, Bengaluru","Bengaluru","Jayanagar","5","2","2095","5300000","For Sale","2024-04-17","AGENT-143"
"PROP-2407","Independent House","51, Saket, Delhi","Delhi","Saket","3","4","3666","20000000","Rented","2023-02-21","AGENT-147"
"PROP-2408","Independent House","175, Hauz Khas, Delhi","Delhi","Hauz Khas","2","3","1836","40000000","For Sale","2023-12-24","AGENT-138"
"PROP-2409","Commercial Space","116, Andheri, Mumbai","Mumbai","Andheri","1","1","3246","38700000","Rented","2023-11-27","AGENT-128"
"PROP-2410","Commercial Space","37, Juhu, Mumbai","Mumbai","Juhu","4","1","1964","27300000","For Rent","2025-02-05","AGENT-125"
"PROP-2411","Plot","134, Saket, Delhi","Delhi","Saket","0","0","3025","6300000","For Sale","2025-06-20","AGENT-146"
"PROP-2412","Plot","127, Bandra, Mumbai","Mumbai","Bandra","0","0","2285","2100000","Sold","2025-08-28","AGENT-141"
"PROP-2413","Villa","159, South Mumbai, Mumbai","Mumbai","South Mumbai","2","4","2917","50000000","For Rent","2024-10-17","AGENT-140"
"PROP-2414","Plot","113, Gurgaon, Delhi","Delhi","Gurgaon","0","0","4079","5200000","For Sale","2025-12-05","AGENT-116"
"PROP-2415","Commercial Space","106, Whitefield, Bengaluru","Bengaluru","Whitefield","4","2","637","39400000","Sold","2025-05-22","AGENT-144"
"PROP-2416","Commercial Space","42, Vasant Kunj, Delhi","Delhi","Vasant Kunj","1","1","1178","23800000","For Rent","2024-12-04","AGENT-127"
"PROP-2417","Independent House","41, Thane, Mumbai","Mumbai","Thane","4","4","1804","50000000","Rented","2024-02-09","AGENT-128"
"PROP-2418","Commercial Space","44, South Mumbai, Mumbai","Mumbai","South Mumbai","1","3","2079","46800000","Sold","2024-05-21","AGENT-109"
"PROP-2419","Villa","13, Andheri, Mumbai","Mumbai","Andheri","2","2","1789","40000000","Rented","2024-03-17","AGENT-118"
"PROP-2420","Plot","21, Vasant Kunj, Delhi","Delhi","Vasant Kunj","0","0","3508","4000000","For Sale","2023-01-04","AGENT-146"
"PROP-2421","Villa","33, Vasant Kunj, Delhi","Delhi","Vasant Kunj","1","3","1110","30000000","For Rent","2023-01-07","AGENT-147"
"PROP-2422","Plot","158, Whitefield, Bengaluru","Bengaluru","Whitefield","0","0","3801","6100000","Rented","2025-06-08","AGENT-103"
"PROP-2423","Apartment","199, Andheri, Mumbai","Mumbai","Andheri","2","4","2020","5900000","For Sale","2023-04-16","AGENT-139"
"PROP-2424","Commercial Space","82, Indiranagar, Bengaluru","Bengaluru","Indiranagar","2","4","2357","16600000","For Sale","2023-11-21","AGENT-147"
"PROP-2425","Commercial Space","126, Andheri, Mumbai","Mumbai","Andheri","4","1","2784","48300000","For Rent","2025-07-19","AGENT-103"
"PROP-2426","Villa","167, Andheri, Mumbai","Mumbai","Andheri","2","2","955","10000000","Rented","2023-11-04","AGENT-139"
"PROP-2427","Independent House","159, Bandra, Mumbai","Mumbai","Bandra","5","3","1163","50000000","For Sale","2024-05-07","AGENT-101"
"PROP-2428","Plot","118, Koramangala, Bengaluru","Bengaluru","Koramangala","0","0","1733","4000000","For Rent","2023-08-06","AGENT-147"
"PROP-2429","Villa","84, Andheri, Mumbai","Mumbai","Andheri","3","2","1235","20000000","Rented","2024-08-09","AGENT-105"
"PROP-2430","Villa","92, Gurgaon, Delhi","Delhi","Gurgaon","5","3","2101","10000000","For Rent","2023-09-19","AGENT-129"
"PROP-2431","Independent House","53, South Mumbai, Mumbai","Mumbai","South Mumbai","4","3","3544","40000000","Sold","2025-11-12","AGENT-124"
"PROP-2432","Plot","138, South Mumbai, Mumbai","Mumbai","South Mumbai","0","0","3916","2000000","For Sale","2025-02-08","AGENT-108"
"PROP-2433","Villa","162, Andheri, Mumbai","Mumbai","Andheri","1","3","2322","20000000","For Rent","2024-11-07","AGENT-119"
"PROP-2434","Apartment","177, Jayanagar, Bengaluru","Bengaluru","Jayanagar","5","2","1164","4500000","For Sale","2024-10-27","AGENT-126"
"PROP-2435","Plot","24, Hauz Khas, Delhi","Delhi","Hauz Khas","0","0","1516","4200000","Sold","2024-03-02","AGENT-106"
"PROP-2436","Commercial Space","37, Vasant Kunj, Delhi","Delhi","Vasant Kunj","3","1","1501","41000000","For Rent","2024-03-24","AGENT-118"
"PROP-2437","Commercial Space","31, Hauz Khas, Delhi","Delhi","Hauz Khas","3","3","1037","20100000","For Sale","2023-11-14","AGENT-133"
"PROP-2438","Apartment","103, HSR Layout, Bengaluru","Bengaluru","HSR Layout","3","4","1201","8600000","For Rent","2025-03-18","AGENT-120"
"PROP-2439","Commercial Space","157, Jayanagar, Bengaluru","Bengaluru","Jayanagar","2","4","3655","21600000","For Rent","2023-04-07","AGENT-113"
"PROP-2440","Apartment","185, Gurgaon, Delhi","Delhi","Gurgaon","5","1","3557","5200000","Rented","2024-01-11","AGENT-107"
"PROP-2441","Commercial Space","10, Gurgaon, Delhi","Delhi","Gurgaon","3","2","2082","44700000","Sold","2024-07-01","AGENT-135"
"PROP-2442","Plot","105, Gurgaon, Delhi","Delhi","Gurgaon","0","0","4309","6700000","For Rent","2025-10-19","AGENT-101"
"PROP-2443","Plot","99, Thane, Mumbai","Mumbai","Thane","0","0","3137","7400000","Rented","2024-04-06","AGENT-118"
"PROP-2444","Plot","51, Koramangala, Bengaluru","Bengaluru","Koramangala","0","0","3623","4000000","For Sale","2025-07-06","AGENT-109"
"PROP-2445","Independent House","10, Bandra, Mumbai","Mumbai","Bandra","2","4","3532","50000000","For Rent","2024-02-18","AGENT-139"
"PROP-2446","Plot","115, Andheri, Mumbai","Mumbai","Andheri","0","0","3915","2700000","Sold","2024-04-15","AGENT-117"
"PROP-2447","Plot","19, Noida, Delhi","Delhi","Noida","0","0","3263","3400000","For Rent","2024-05-08","AGENT-112"
"PROP-2448","Independent House","135, Hauz Khas, Delhi","Delhi","Hauz Khas","4","1","1238","50000000","For Sale","2025-06-19","AGENT-117"
"PROP-2449","Commercial Space","17, Whitefield, Bengaluru","Bengaluru","Whitefield","3","3","2928","11800000","Rented","2024-06-04","AGENT-124"
"PROP-2450","Apartment","149, Bandra, Mumbai","Mumbai","Bandra","4","4","1700","6000000","Rented","2024-08-01","AGENT-148"
"PROP-2451","Villa","115, Koramangala, Bengaluru","Bengaluru","Koramangala","4","3","2263","20000000","For Sale","2024-04-10","AGENT-149"
"PROP-2452","Commercial Space","47, Saket, Delhi","Delhi","Saket","2","1","2617","27500000","For Rent","2025-11-06","AGENT-105"
"PROP-2453","Independent House","168, Gurgaon, Delhi","Delhi","Gurgaon","1","3","646","40000000","For Rent","2024-11-12","AGENT-121"
"PROP-2454","Plot","87, Noida, Delhi","Delhi","Noida","0","0","4631","5100000","Rented","2024-08-24","AGENT-124"
"PROP-2455","Villa","99, Noida, Delhi","Delhi","Noida","5","4","3293","10000000","For Rent","2025-09-24","AGENT-134"
"PROP-2456","Independent House","61, Hauz Khas, Delhi","Delhi","Hauz Khas","3","2","681","30000000","For Rent","2024-07-12","AGENT-149"
"PROP-2457","Apartment","61, Hauz Khas, Delhi","Delhi","Hauz Khas","2","2","2336","4200000","Rented","2025-01-17","AGENT-140"
"PROP-2458","Commercial Space","45, Saket, Delhi","Delhi","Saket","2","3","3718","30800000","Sold","2024-04-06","AGENT-105"
"PROP-2459","Independent House","174, Hauz Khas, Delhi","Delhi","Hauz Khas","3","2","1570","10000000","For Sale","2025-08-15","AGENT-110"
"PROP-2460","Villa","140, South Mumbai, Mumbai","Mumbai","South Mumbai","1","1","3672","50000000","For Rent","2023-07-07","AGENT-112"
"PROP-2461","Apartment","23, Koramangala, Bengaluru","Bengaluru","Koramangala","5","1","3010","7300000","Rented","2025-06-09","AGENT-103"
"PROP-2462","Apartment","115, Saket, Delhi","Delhi","Saket","1","1","2630","6700000","Sold","2023-01-13","AGENT-111"
"PROP-2463","Commercial Space","105, HSR Layout, Bengaluru","Bengaluru","HSR Layout","5","2","2000","36900000","For Sale","2025-03-25","AGENT-125"
"PROP-2464","Independent House","100, Vasant Kunj, Delhi","Delhi","Vasant Kunj","5","2","1560","40000000","For Sale","2025-10-28","AGENT-108"
"PROP-2465","Plot","199, Gurgaon, Delhi","Delhi","Gurgaon","0","0","4228","7600000","Sold","2025-08-03","AGENT-139"
"PROP-2466","Independent House","111, Thane, Mumbai","Mumbai","Thane","1","2","1727","40000000","For Rent","2023-04-18","AGENT-113"
"PROP-2467","Independent House","107, Indiranagar, Bengaluru","Bengaluru","Indiranagar","5","2","1921","50000000","Rented","2024-11-01","AGENT-138"
"PROP-2468","Plot","159, Hauz Khas, Delhi","Delhi","Hauz Khas","0","0","4487","7000000","For Rent","2025-03-25","AGENT-114"
"PROP-2469","Independent House","178, Vasant Kunj, Delhi","Delhi","Vasant Kunj","3","1","2566","40000000","For Sale","2025-02-20","AGENT-116"
"PROP-2470","Independent House","194, HSR Layout, Bengaluru","Bengaluru","HSR Layout","1","3","2889","50000000","Rented","2025-02-03","AGENT-144"
"PROP-2471","Commercial Space","20, Hauz Khas, Delhi","Delhi","Hauz Khas","5","3","1527","30200000","Sold","2025-02-25","AGENT-133"
"PROP-2472","Independent House","155, South Mumbai, Mumbai","Mumbai","South Mumbai","2","2","2214","50000000","Rented","2024-03-03","AGENT-128"
"PROP-2473","Commercial Space","55, Bandra, Mumbai","Mumbai","Bandra","5","3","981","45700000","For Rent","2023-03-10","AGENT-130"
"PROP-2474","Commercial Space","195, Bandra, Mumbai","Mumbai","Bandra","2","4","3764","45400000","For Rent","2023-10-16","AGENT-104"
"PROP-2475","Villa","126, Whitefield, Bengaluru","Bengaluru","Whitefield","4","3","2376","10000000","For Sale","2023-05-04","AGENT-134"
"PROP-2476","Plot","88, Indiranagar, Bengaluru","Bengaluru","Indiranagar","0","0","4784","3900000","Rented","2025-03-11","AGENT-126"
"PROP-2477","Independent House","43, Indiranagar, Bengaluru","Bengaluru","Indiranagar","3","3","1453","50000000","Rented","2025-07-21","AGENT-128"
"PROP-2478","Independent House","165, Noida, Delhi","Delhi","Noida","2","1","3445","10000000","Rented","2023-07-23","AGENT-117"
"PROP-2479","Apartment","182, Hauz Khas, Delhi","Delhi","Hauz Khas","2","2","3870","6600000","Sold","2024-07-06","AGENT-115"
"PROP-2480","Independent House","102, HSR Layout, Bengaluru","Bengaluru","HSR Layout","2","2","3736","40000000","For Sale","2024-04-08","AGENT-113"
"PROP-2481","Villa","50, Bandra, Mumbai","Mumbai","Bandra","4","3","2444","30000000","For Rent","2024-03-10","AGENT-106"
"PROP-2482","Apartment","60, Vasant Kunj, Delhi","Delhi","Vasant Kunj","5","2","3216","4100000","Rented","2024-11-04","AGENT-136"
"PROP-2483","Independent House","51, Vasant Kunj, Delhi","Delhi","Vasant Kunj","2","1","3370","30000000","For Rent","2023-08-08","AGENT-115"
"PROP-2484","Independent House","98, Koramangala, Bengaluru","Bengaluru","Koramangala","5","3","1003","50000000","Sold","2025-04-05","AGENT-136"
"PROP-2485","Apartment","93, Koramangala, Bengaluru","Bengaluru","Koramangala","4","3","1092","5500000","Rented","2025-09-24","AGENT-146"
"PROP-2486","Plot","57, South Mumbai, Mumbai","Mumbai","South Mumbai","0","0","3684","4600000","For Sale","2024-12-17","AGENT-116"
"PROP-2487","Plot","50, Jayanagar, Bengaluru","Bengaluru","Jayanagar","0","0","1354","3800000","For Rent","2024-03-20","AGENT-128"
"PROP-2488","Commercial Space","17, Thane, Mumbai","Mumbai","Thane","5","4","3055","39600000","For Rent","2023-12-06","AGENT-134"
"PROP-2489","Independent House","20, Noida, Delhi","Delhi","Noida","2","1","2460","30000000","Sold","2023-09-08","AGENT-139"
"PROP-2490","Villa","21, Andheri, Mumbai","Mumbai","Andheri","5","4","1870","30000000","For Rent","2025-08-07","AGENT-106"
"PROP-2491","Plot","98, Vasant Kunj, Delhi","Delhi","Vasant Kunj","0","0","1168","4800000","For Sale","2025-05-13","AGENT-146"
"PROP-2492","Villa","137, Vasant Kunj, Delhi","Delhi","Vasant Kunj","4","1","3859","50000000","For Rent","2023-08-28","AGENT-121"
"PROP-2493","Villa","182, Vasant Kunj, Delhi","Delhi","Vasant Kunj","1","1","1715","30000000","Sold","2024-12-13","AGENT-132"
"PROP-2494","Villa","63, Hauz Khas, Delhi","Delhi","Hauz Khas","1","1","3642","10000000","For Sale","2023-08-01","AGENT-131"
"PROP-2495","Villa","12, Thane, Mumbai","Mumbai","Thane","3","1","663","20000000","For Sale","2024-08-28","AGENT-140"
"PROP-2496","Apartment","21, Gurgaon, Delhi","Delhi","Gurgaon","5","2","3904","8500000","For Sale","2024-12-14","AGENT-129"
"PROP-2497","Commercial Space","128, Whitefield, Bengaluru","Bengaluru","Whitefield","3","1","1443","34900000","Sold","2024-03-10","AGENT-114"
"PROP-2498","Villa","175, Thane, Mumbai","Mumbai","Thane","4","4","3573","20000000","Rented","2024-10-30","AGENT-107"
"PROP-2499","Villa","97, Vasant Kunj, Delhi","Delhi","Vasant Kunj","5","3","2054","50000000","For Sale","2025-08-23","AGENT-146"
"PROP-2500","Apartment","94, Saket, Delhi","Delhi","Saket","3","2","2994","8700000","For Sale","2023-03-04","AGENT-122"